{
    "model": "SVC",
    "model_C": 100,
    "model__gamma": 0.00011586142973004287,
    "model_kernel": "rbf",
    "n_features": 8631,
    "n_jobs": 30,
    "n_runs": 5,
    "sfreq": 100,
    "shuffle": false,
    "time_loading_devel": 66.21897721290588,
    "time_validation": 562.248594045639
}